"Name","X-Coordiante","Y-Coordinate","Rotation","Value","Package"
"F1","337.500","227.000","0","fiducial","circle"
"F2","22.500","227.000","0","fiducial","circle"
"F3","22.500","20.000","0","fiducial","circle"
"F4","337.500","20.000","0","fiducial","circle"
"IC001","330.000","221.345","90","BGS12P2L6","TSLP-6-4"
"R001","329.625","219.170","0","1.5kR","0603"
"C001","331.650","220.250","0","1nF","0603"
"LED001","332.150","218.000","90","green_150060VS75000","0603"
"IC002","310.000","221.345","90","BGS12P2L6","TSLP-6-4"
"R002","309.625","219.170","0","1.5kR","0603"
"C002","311.650","220.250","0","1nF","0603"
"LED002","312.150","218.000","90","green_150060VS75000","0603"
"IC003","290.000","221.345","90","BGS12P2L6","TSLP-6-4"
"R003","289.625","219.170","0","1.5kR","0603"
"C003","291.650","220.250","0","1nF","0603"
"LED003","292.150","218.000","90","green_150060VS75000","0603"
"IC004","270.000","221.345","90","BGS12P2L6","TSLP-6-4"
"R004","269.625","219.170","0","1.5kR","0603"
"C004","271.650","220.250","0","1nF","0603"
"LED004","272.150","218.000","90","green_150060VS75000","0603"
"IC005","250.000","221.345","90","BGS12P2L6","TSLP-6-4"
"R005","249.625","219.170","0","1.5kR","0603"
"C005","251.650","220.250","0","1nF","0603"
"LED005","252.150","218.000","90","green_150060VS75000","0603"
"IC006","230.000","221.345","90","BGS12P2L6","TSLP-6-4"
"R006","229.625","219.170","0","1.5kR","0603"
"C006","231.650","220.250","0","1nF","0603"
"LED006","232.150","218.000","90","green_150060VS75000","0603"
"IC007","210.000","221.345","90","BGS12P2L6","TSLP-6-4"
"R007","209.625","219.170","0","1.5kR","0603"
"C007","211.650","220.250","0","1nF","0603"
"LED007","212.150","218.000","90","green_150060VS75000","0603"
"IC008","190.000","221.345","90","BGS12P2L6","TSLP-6-4"
"R008","189.625","219.170","0","1.5kR","0603"
"C008","191.650","220.250","0","1nF","0603"
"LED008","192.150","218.000","90","green_150060VS75000","0603"
"IC009","170.000","221.345","90","BGS12P2L6","TSLP-6-4"
"R009","169.625","219.170","0","1.5kR","0603"
"C009","171.650","220.250","0","1nF","0603"
"LED009","172.150","218.000","90","green_150060VS75000","0603"
"IC010","150.000","221.345","90","BGS12P2L6","TSLP-6-4"
"R010","149.625","219.170","0","1.5kR","0603"
"C010","151.650","220.250","0","1nF","0603"
"LED010","152.150","218.000","90","green_150060VS75000","0603"
"IC011","130.000","221.345","90","BGS12P2L6","TSLP-6-4"
"R011","129.625","219.170","0","1.5kR","0603"
"C011","131.650","220.250","0","1nF","0603"
"LED011","132.150","218.000","90","green_150060VS75000","0603"
"IC012","110.000","221.345","90","BGS12P2L6","TSLP-6-4"
"R012","109.625","219.170","0","1.5kR","0603"
"C012","111.650","220.250","0","1nF","0603"
"LED012","112.150","218.000","90","green_150060VS75000","0603"
"IC013","90.000","221.345","90","BGS12P2L6","TSLP-6-4"
"R013","89.625","219.170","0","1.5kR","0603"
"C013","91.650","220.250","0","1nF","0603"
"LED013","92.150","218.000","90","green_150060VS75000","0603"
"IC014","70.000","221.345","90","BGS12P2L6","TSLP-6-4"
"R014","69.625","219.170","0","1.5kR","0603"
"C014","71.650","220.250","0","1nF","0603"
"LED014","72.150","218.000","90","green_150060VS75000","0603"
"IC015","50.000","221.345","90","BGS12P2L6","TSLP-6-4"
"R015","49.625","219.170","0","1.5kR","0603"
"C015","51.650","220.250","0","1nF","0603"
"LED015","52.150","218.000","90","green_150060VS75000","0603"
"IC016","30.000","221.345","90","BGS12P2L6","TSLP-6-4"
"R016","29.625","219.170","0","1.5kR","0603"
"C016","31.650","220.250","0","1nF","0603"
"LED016","32.150","218.000","90","green_150060VS75000","0603"
"IC017","330.000","208.345","90","BGS12P2L6","TSLP-6-4"
"R017","329.625","206.170","0","1.5kR","0603"
"C017","331.650","207.250","0","1nF","0603"
"LED017","332.150","205.000","90","green_150060VS75000","0603"
"IC018","310.000","208.345","90","BGS12P2L6","TSLP-6-4"
"R018","309.625","206.170","0","1.5kR","0603"
"C018","311.650","207.250","0","1nF","0603"
"LED018","312.150","205.000","90","green_150060VS75000","0603"
"IC019","290.000","208.345","90","BGS12P2L6","TSLP-6-4"
"R019","289.625","206.170","0","1.5kR","0603"
"C019","291.650","207.250","0","1nF","0603"
"LED019","292.150","205.000","90","green_150060VS75000","0603"
"IC020","270.000","208.345","90","BGS12P2L6","TSLP-6-4"
"R020","269.625","206.170","0","1.5kR","0603"
"C020","271.650","207.250","0","1nF","0603"
"LED020","272.150","205.000","90","green_150060VS75000","0603"
"IC021","250.000","208.345","90","BGS12P2L6","TSLP-6-4"
"R021","249.625","206.170","0","1.5kR","0603"
"C021","251.650","207.250","0","1nF","0603"
"LED021","252.150","205.000","90","green_150060VS75000","0603"
"IC022","230.000","208.345","90","BGS12P2L6","TSLP-6-4"
"R022","229.625","206.170","0","1.5kR","0603"
"C022","231.650","207.250","0","1nF","0603"
"LED022","232.150","205.000","90","green_150060VS75000","0603"
"IC023","210.000","208.345","90","BGS12P2L6","TSLP-6-4"
"R023","209.625","206.170","0","1.5kR","0603"
"C023","211.650","207.250","0","1nF","0603"
"LED023","212.150","205.000","90","green_150060VS75000","0603"
"IC024","190.000","208.345","90","BGS12P2L6","TSLP-6-4"
"R024","189.625","206.170","0","1.5kR","0603"
"C024","191.650","207.250","0","1nF","0603"
"LED024","192.150","205.000","90","green_150060VS75000","0603"
"IC025","170.000","208.345","90","BGS12P2L6","TSLP-6-4"
"R025","169.625","206.170","0","1.5kR","0603"
"C025","171.650","207.250","0","1nF","0603"
"LED025","172.150","205.000","90","green_150060VS75000","0603"
"IC026","150.000","208.345","90","BGS12P2L6","TSLP-6-4"
"R026","149.625","206.170","0","1.5kR","0603"
"C026","151.650","207.250","0","1nF","0603"
"LED026","152.150","205.000","90","green_150060VS75000","0603"
"IC027","130.000","208.345","90","BGS12P2L6","TSLP-6-4"
"R027","129.625","206.170","0","1.5kR","0603"
"C027","131.650","207.250","0","1nF","0603"
"LED027","132.150","205.000","90","green_150060VS75000","0603"
"IC028","110.000","208.345","90","BGS12P2L6","TSLP-6-4"
"R028","109.625","206.170","0","1.5kR","0603"
"C028","111.650","207.250","0","1nF","0603"
"LED028","112.150","205.000","90","green_150060VS75000","0603"
"IC029","90.000","208.345","90","BGS12P2L6","TSLP-6-4"
"R029","89.625","206.170","0","1.5kR","0603"
"C029","91.650","207.250","0","1nF","0603"
"LED029","92.150","205.000","90","green_150060VS75000","0603"
"IC030","70.000","208.345","90","BGS12P2L6","TSLP-6-4"
"R030","69.625","206.170","0","1.5kR","0603"
"C030","71.650","207.250","0","1nF","0603"
"LED030","72.150","205.000","90","green_150060VS75000","0603"
"IC031","50.000","208.345","90","BGS12P2L6","TSLP-6-4"
"R031","49.625","206.170","0","1.5kR","0603"
"C031","51.650","207.250","0","1nF","0603"
"LED031","52.150","205.000","90","green_150060VS75000","0603"
"IC032","30.000","208.345","90","BGS12P2L6","TSLP-6-4"
"R032","29.625","206.170","0","1.5kR","0603"
"C032","31.650","207.250","0","1nF","0603"
"LED032","32.150","205.000","90","green_150060VS75000","0603"
"IC033","330.000","195.345","90","BGS12P2L6","TSLP-6-4"
"R033","329.625","193.170","0","1.5kR","0603"
"C033","331.650","194.250","0","1nF","0603"
"LED033","332.150","192.000","90","green_150060VS75000","0603"
"IC034","310.000","195.345","90","BGS12P2L6","TSLP-6-4"
"R034","309.625","193.170","0","1.5kR","0603"
"C034","311.650","194.250","0","1nF","0603"
"LED034","312.150","192.000","90","green_150060VS75000","0603"
"IC035","290.000","195.345","90","BGS12P2L6","TSLP-6-4"
"R035","289.625","193.170","0","1.5kR","0603"
"C035","291.650","194.250","0","1nF","0603"
"LED035","292.150","192.000","90","green_150060VS75000","0603"
"IC036","270.000","195.345","90","BGS12P2L6","TSLP-6-4"
"R036","269.625","193.170","0","1.5kR","0603"
"C036","271.650","194.250","0","1nF","0603"
"LED036","272.150","192.000","90","green_150060VS75000","0603"
"IC037","250.000","195.345","90","BGS12P2L6","TSLP-6-4"
"R037","249.625","193.170","0","1.5kR","0603"
"C037","251.650","194.250","0","1nF","0603"
"LED037","252.150","192.000","90","green_150060VS75000","0603"
"IC038","230.000","195.345","90","BGS12P2L6","TSLP-6-4"
"R038","229.625","193.170","0","1.5kR","0603"
"C038","231.650","194.250","0","1nF","0603"
"LED038","232.150","192.000","90","green_150060VS75000","0603"
"IC039","210.000","195.345","90","BGS12P2L6","TSLP-6-4"
"R039","209.625","193.170","0","1.5kR","0603"
"C039","211.650","194.250","0","1nF","0603"
"LED039","212.150","192.000","90","green_150060VS75000","0603"
"IC040","190.000","195.345","90","BGS12P2L6","TSLP-6-4"
"R040","189.625","193.170","0","1.5kR","0603"
"C040","191.650","194.250","0","1nF","0603"
"LED040","192.150","192.000","90","green_150060VS75000","0603"
"IC041","170.000","195.345","90","BGS12P2L6","TSLP-6-4"
"R041","169.625","193.170","0","1.5kR","0603"
"C041","171.650","194.250","0","1nF","0603"
"LED041","172.150","192.000","90","green_150060VS75000","0603"
"IC042","150.000","195.345","90","BGS12P2L6","TSLP-6-4"
"R042","149.625","193.170","0","1.5kR","0603"
"C042","151.650","194.250","0","1nF","0603"
"LED042","152.150","192.000","90","green_150060VS75000","0603"
"IC043","130.000","195.345","90","BGS12P2L6","TSLP-6-4"
"R043","129.625","193.170","0","1.5kR","0603"
"C043","131.650","194.250","0","1nF","0603"
"LED043","132.150","192.000","90","green_150060VS75000","0603"
"IC044","110.000","195.345","90","BGS12P2L6","TSLP-6-4"
"R044","109.625","193.170","0","1.5kR","0603"
"C044","111.650","194.250","0","1nF","0603"
"LED044","112.150","192.000","90","green_150060VS75000","0603"
"IC045","90.000","195.345","90","BGS12P2L6","TSLP-6-4"
"R045","89.625","193.170","0","1.5kR","0603"
"C045","91.650","194.250","0","1nF","0603"
"LED045","92.150","192.000","90","green_150060VS75000","0603"
"IC046","70.000","195.345","90","BGS12P2L6","TSLP-6-4"
"R046","69.625","193.170","0","1.5kR","0603"
"C046","71.650","194.250","0","1nF","0603"
"LED046","72.150","192.000","90","green_150060VS75000","0603"
"IC047","50.000","195.345","90","BGS12P2L6","TSLP-6-4"
"R047","49.625","193.170","0","1.5kR","0603"
"C047","51.650","194.250","0","1nF","0603"
"LED047","52.150","192.000","90","green_150060VS75000","0603"
"IC048","30.000","195.345","90","BGS12P2L6","TSLP-6-4"
"R048","29.625","193.170","0","1.5kR","0603"
"C048","31.650","194.250","0","1nF","0603"
"LED048","32.150","192.000","90","green_150060VS75000","0603"
"IC049","330.000","182.345","90","BGS12P2L6","TSLP-6-4"
"R049","329.625","180.170","0","1.5kR","0603"
"C049","331.650","181.250","0","1nF","0603"
"LED049","332.150","179.000","90","green_150060VS75000","0603"
"IC050","310.000","182.345","90","BGS12P2L6","TSLP-6-4"
"R050","309.625","180.170","0","1.5kR","0603"
"C050","311.650","181.250","0","1nF","0603"
"LED050","312.150","179.000","90","green_150060VS75000","0603"
"IC051","290.000","182.345","90","BGS12P2L6","TSLP-6-4"
"R051","289.625","180.170","0","1.5kR","0603"
"C051","291.650","181.250","0","1nF","0603"
"LED051","292.150","179.000","90","green_150060VS75000","0603"
"IC052","270.000","182.345","90","BGS12P2L6","TSLP-6-4"
"R052","269.625","180.170","0","1.5kR","0603"
"C052","271.650","181.250","0","1nF","0603"
"LED052","272.150","179.000","90","green_150060VS75000","0603"
"IC053","250.000","182.345","90","BGS12P2L6","TSLP-6-4"
"R053","249.625","180.170","0","1.5kR","0603"
"C053","251.650","181.250","0","1nF","0603"
"LED053","252.150","179.000","90","green_150060VS75000","0603"
"IC054","230.000","182.345","90","BGS12P2L6","TSLP-6-4"
"R054","229.625","180.170","0","1.5kR","0603"
"C054","231.650","181.250","0","1nF","0603"
"LED054","232.150","179.000","90","green_150060VS75000","0603"
"IC055","210.000","182.345","90","BGS12P2L6","TSLP-6-4"
"R055","209.625","180.170","0","1.5kR","0603"
"C055","211.650","181.250","0","1nF","0603"
"LED055","212.150","179.000","90","green_150060VS75000","0603"
"IC056","190.000","182.345","90","BGS12P2L6","TSLP-6-4"
"R056","189.625","180.170","0","1.5kR","0603"
"C056","191.650","181.250","0","1nF","0603"
"LED056","192.150","179.000","90","green_150060VS75000","0603"
"IC057","170.000","182.345","90","BGS12P2L6","TSLP-6-4"
"R057","169.625","180.170","0","1.5kR","0603"
"C057","171.650","181.250","0","1nF","0603"
"LED057","172.150","179.000","90","green_150060VS75000","0603"
"IC058","150.000","182.345","90","BGS12P2L6","TSLP-6-4"
"R058","149.625","180.170","0","1.5kR","0603"
"C058","151.650","181.250","0","1nF","0603"
"LED058","152.150","179.000","90","green_150060VS75000","0603"
"IC059","130.000","182.345","90","BGS12P2L6","TSLP-6-4"
"R059","129.625","180.170","0","1.5kR","0603"
"C059","131.650","181.250","0","1nF","0603"
"LED059","132.150","179.000","90","green_150060VS75000","0603"
"IC060","110.000","182.345","90","BGS12P2L6","TSLP-6-4"
"R060","109.625","180.170","0","1.5kR","0603"
"C060","111.650","181.250","0","1nF","0603"
"LED060","112.150","179.000","90","green_150060VS75000","0603"
"IC061","90.000","182.345","90","BGS12P2L6","TSLP-6-4"
"R061","89.625","180.170","0","1.5kR","0603"
"C061","91.650","181.250","0","1nF","0603"
"LED061","92.150","179.000","90","green_150060VS75000","0603"
"IC062","70.000","182.345","90","BGS12P2L6","TSLP-6-4"
"R062","69.625","180.170","0","1.5kR","0603"
"C062","71.650","181.250","0","1nF","0603"
"LED062","72.150","179.000","90","green_150060VS75000","0603"
"IC063","50.000","182.345","90","BGS12P2L6","TSLP-6-4"
"R063","49.625","180.170","0","1.5kR","0603"
"C063","51.650","181.250","0","1nF","0603"
"LED063","52.150","179.000","90","green_150060VS75000","0603"
"IC064","30.000","182.345","90","BGS12P2L6","TSLP-6-4"
"R064","29.625","180.170","0","1.5kR","0603"
"C064","31.650","181.250","0","1nF","0603"
"LED064","32.150","179.000","90","green_150060VS75000","0603"
"IC065","330.000","169.345","90","BGS12P2L6","TSLP-6-4"
"R065","329.625","167.170","0","1.5kR","0603"
"C065","331.650","168.250","0","1nF","0603"
"LED065","332.150","166.000","90","green_150060VS75000","0603"
"IC066","310.000","169.345","90","BGS12P2L6","TSLP-6-4"
"R066","309.625","167.170","0","1.5kR","0603"
"C066","311.650","168.250","0","1nF","0603"
"LED066","312.150","166.000","90","green_150060VS75000","0603"
"IC067","290.000","169.345","90","BGS12P2L6","TSLP-6-4"
"R067","289.625","167.170","0","1.5kR","0603"
"C067","291.650","168.250","0","1nF","0603"
"LED067","292.150","166.000","90","green_150060VS75000","0603"
"IC068","270.000","169.345","90","BGS12P2L6","TSLP-6-4"
"R068","269.625","167.170","0","1.5kR","0603"
"C068","271.650","168.250","0","1nF","0603"
"LED068","272.150","166.000","90","green_150060VS75000","0603"
"IC069","250.000","169.345","90","BGS12P2L6","TSLP-6-4"
"R069","249.625","167.170","0","1.5kR","0603"
"C069","251.650","168.250","0","1nF","0603"
"LED069","252.150","166.000","90","green_150060VS75000","0603"
"IC070","230.000","169.345","90","BGS12P2L6","TSLP-6-4"
"R070","229.625","167.170","0","1.5kR","0603"
"C070","231.650","168.250","0","1nF","0603"
"LED070","232.150","166.000","90","green_150060VS75000","0603"
"IC071","210.000","169.345","90","BGS12P2L6","TSLP-6-4"
"R071","209.625","167.170","0","1.5kR","0603"
"C071","211.650","168.250","0","1nF","0603"
"LED071","212.150","166.000","90","green_150060VS75000","0603"
"IC072","190.000","169.345","90","BGS12P2L6","TSLP-6-4"
"R072","189.625","167.170","0","1.5kR","0603"
"C072","191.650","168.250","0","1nF","0603"
"LED072","192.150","166.000","90","green_150060VS75000","0603"
"IC073","170.000","169.345","90","BGS12P2L6","TSLP-6-4"
"R073","169.625","167.170","0","1.5kR","0603"
"C073","171.650","168.250","0","1nF","0603"
"LED073","172.150","166.000","90","green_150060VS75000","0603"
"IC074","150.000","169.345","90","BGS12P2L6","TSLP-6-4"
"R074","149.625","167.170","0","1.5kR","0603"
"C074","151.650","168.250","0","1nF","0603"
"LED074","152.150","166.000","90","green_150060VS75000","0603"
"IC075","130.000","169.345","90","BGS12P2L6","TSLP-6-4"
"R075","129.625","167.170","0","1.5kR","0603"
"C075","131.650","168.250","0","1nF","0603"
"LED075","132.150","166.000","90","green_150060VS75000","0603"
"IC076","110.000","169.345","90","BGS12P2L6","TSLP-6-4"
"R076","109.625","167.170","0","1.5kR","0603"
"C076","111.650","168.250","0","1nF","0603"
"LED076","112.150","166.000","90","green_150060VS75000","0603"
"IC077","90.000","169.345","90","BGS12P2L6","TSLP-6-4"
"R077","89.625","167.170","0","1.5kR","0603"
"C077","91.650","168.250","0","1nF","0603"
"LED077","92.150","166.000","90","green_150060VS75000","0603"
"IC078","70.000","169.345","90","BGS12P2L6","TSLP-6-4"
"R078","69.625","167.170","0","1.5kR","0603"
"C078","71.650","168.250","0","1nF","0603"
"LED078","72.150","166.000","90","green_150060VS75000","0603"
"IC079","50.000","169.345","90","BGS12P2L6","TSLP-6-4"
"R079","49.625","167.170","0","1.5kR","0603"
"C079","51.650","168.250","0","1nF","0603"
"LED079","52.150","166.000","90","green_150060VS75000","0603"
"IC080","30.000","169.345","90","BGS12P2L6","TSLP-6-4"
"R080","29.625","167.170","0","1.5kR","0603"
"C080","31.650","168.250","0","1nF","0603"
"LED080","32.150","166.000","90","green_150060VS75000","0603"
"IC081","330.000","156.345","90","BGS12P2L6","TSLP-6-4"
"R081","329.625","154.170","0","1.5kR","0603"
"C081","331.650","155.250","0","1nF","0603"
"LED081","332.150","153.000","90","green_150060VS75000","0603"
"IC082","310.000","156.345","90","BGS12P2L6","TSLP-6-4"
"R082","309.625","154.170","0","1.5kR","0603"
"C082","311.650","155.250","0","1nF","0603"
"LED082","312.150","153.000","90","green_150060VS75000","0603"
"IC083","290.000","156.345","90","BGS12P2L6","TSLP-6-4"
"R083","289.625","154.170","0","1.5kR","0603"
"C083","291.650","155.250","0","1nF","0603"
"LED083","292.150","153.000","90","green_150060VS75000","0603"
"IC084","270.000","156.345","90","BGS12P2L6","TSLP-6-4"
"R084","269.625","154.170","0","1.5kR","0603"
"C084","271.650","155.250","0","1nF","0603"
"LED084","272.150","153.000","90","green_150060VS75000","0603"
"IC085","250.000","156.345","90","BGS12P2L6","TSLP-6-4"
"R085","249.625","154.170","0","1.5kR","0603"
"C085","251.650","155.250","0","1nF","0603"
"LED085","252.150","153.000","90","green_150060VS75000","0603"
"IC086","230.000","156.345","90","BGS12P2L6","TSLP-6-4"
"R086","229.625","154.170","0","1.5kR","0603"
"C086","231.650","155.250","0","1nF","0603"
"LED086","232.150","153.000","90","green_150060VS75000","0603"
"IC087","210.000","156.345","90","BGS12P2L6","TSLP-6-4"
"R087","209.625","154.170","0","1.5kR","0603"
"C087","211.650","155.250","0","1nF","0603"
"LED087","212.150","153.000","90","green_150060VS75000","0603"
"IC088","190.000","156.345","90","BGS12P2L6","TSLP-6-4"
"R088","189.625","154.170","0","1.5kR","0603"
"C088","191.650","155.250","0","1nF","0603"
"LED088","192.150","153.000","90","green_150060VS75000","0603"
"IC089","170.000","156.345","90","BGS12P2L6","TSLP-6-4"
"R089","169.625","154.170","0","1.5kR","0603"
"C089","171.650","155.250","0","1nF","0603"
"LED089","172.150","153.000","90","green_150060VS75000","0603"
"IC090","150.000","156.345","90","BGS12P2L6","TSLP-6-4"
"R090","149.625","154.170","0","1.5kR","0603"
"C090","151.650","155.250","0","1nF","0603"
"LED090","152.150","153.000","90","green_150060VS75000","0603"
"IC091","130.000","156.345","90","BGS12P2L6","TSLP-6-4"
"R091","129.625","154.170","0","1.5kR","0603"
"C091","131.650","155.250","0","1nF","0603"
"LED091","132.150","153.000","90","green_150060VS75000","0603"
"IC092","110.000","156.345","90","BGS12P2L6","TSLP-6-4"
"R092","109.625","154.170","0","1.5kR","0603"
"C092","111.650","155.250","0","1nF","0603"
"LED092","112.150","153.000","90","green_150060VS75000","0603"
"IC093","90.000","156.345","90","BGS12P2L6","TSLP-6-4"
"R093","89.625","154.170","0","1.5kR","0603"
"C093","91.650","155.250","0","1nF","0603"
"LED093","92.150","153.000","90","green_150060VS75000","0603"
"IC094","70.000","156.345","90","BGS12P2L6","TSLP-6-4"
"R094","69.625","154.170","0","1.5kR","0603"
"C094","71.650","155.250","0","1nF","0603"
"LED094","72.150","153.000","90","green_150060VS75000","0603"
"IC095","50.000","156.345","90","BGS12P2L6","TSLP-6-4"
"R095","49.625","154.170","0","1.5kR","0603"
"C095","51.650","155.250","0","1nF","0603"
"LED095","52.150","153.000","90","green_150060VS75000","0603"
"IC096","30.000","156.345","90","BGS12P2L6","TSLP-6-4"
"R096","29.625","154.170","0","1.5kR","0603"
"C096","31.650","155.250","0","1nF","0603"
"LED096","32.150","153.000","90","green_150060VS75000","0603"
"IC097","330.000","143.345","90","BGS12P2L6","TSLP-6-4"
"R097","329.625","141.170","0","1.5kR","0603"
"C097","331.650","142.250","0","1nF","0603"
"LED097","332.150","140.000","90","green_150060VS75000","0603"
"IC098","310.000","143.345","90","BGS12P2L6","TSLP-6-4"
"R098","309.625","141.170","0","1.5kR","0603"
"C098","311.650","142.250","0","1nF","0603"
"LED098","312.150","140.000","90","green_150060VS75000","0603"
"IC099","290.000","143.345","90","BGS12P2L6","TSLP-6-4"
"R099","289.625","141.170","0","1.5kR","0603"
"C099","291.650","142.250","0","1nF","0603"
"LED099","292.150","140.000","90","green_150060VS75000","0603"
"IC100","270.000","143.345","90","BGS12P2L6","TSLP-6-4"
"R100","269.625","141.170","0","1.5kR","0603"
"C100","271.650","142.250","0","1nF","0603"
"LED100","272.150","140.000","90","green_150060VS75000","0603"
"IC101","250.000","143.345","90","BGS12P2L6","TSLP-6-4"
"R101","249.625","141.170","0","1.5kR","0603"
"C101","251.650","142.250","0","1nF","0603"
"LED101","252.150","140.000","90","green_150060VS75000","0603"
"IC102","230.000","143.345","90","BGS12P2L6","TSLP-6-4"
"R102","229.625","141.170","0","1.5kR","0603"
"C102","231.650","142.250","0","1nF","0603"
"LED102","232.150","140.000","90","green_150060VS75000","0603"
"IC103","210.000","143.345","90","BGS12P2L6","TSLP-6-4"
"R103","209.625","141.170","0","1.5kR","0603"
"C103","211.650","142.250","0","1nF","0603"
"LED103","212.150","140.000","90","green_150060VS75000","0603"
"IC104","190.000","143.345","90","BGS12P2L6","TSLP-6-4"
"R104","189.625","141.170","0","1.5kR","0603"
"C104","191.650","142.250","0","1nF","0603"
"LED104","192.150","140.000","90","green_150060VS75000","0603"
"IC105","170.000","143.345","90","BGS12P2L6","TSLP-6-4"
"R105","169.625","141.170","0","1.5kR","0603"
"C105","171.650","142.250","0","1nF","0603"
"LED105","172.150","140.000","90","green_150060VS75000","0603"
"IC106","150.000","143.345","90","BGS12P2L6","TSLP-6-4"
"R106","149.625","141.170","0","1.5kR","0603"
"C106","151.650","142.250","0","1nF","0603"
"LED106","152.150","140.000","90","green_150060VS75000","0603"
"IC107","130.000","143.345","90","BGS12P2L6","TSLP-6-4"
"R107","129.625","141.170","0","1.5kR","0603"
"C107","131.650","142.250","0","1nF","0603"
"LED107","132.150","140.000","90","green_150060VS75000","0603"
"IC108","110.000","143.345","90","BGS12P2L6","TSLP-6-4"
"R108","109.625","141.170","0","1.5kR","0603"
"C108","111.650","142.250","0","1nF","0603"
"LED108","112.150","140.000","90","green_150060VS75000","0603"
"IC109","90.000","143.345","90","BGS12P2L6","TSLP-6-4"
"R109","89.625","141.170","0","1.5kR","0603"
"C109","91.650","142.250","0","1nF","0603"
"LED109","92.150","140.000","90","green_150060VS75000","0603"
"IC110","70.000","143.345","90","BGS12P2L6","TSLP-6-4"
"R110","69.625","141.170","0","1.5kR","0603"
"C110","71.650","142.250","0","1nF","0603"
"LED110","72.150","140.000","90","green_150060VS75000","0603"
"IC111","50.000","143.345","90","BGS12P2L6","TSLP-6-4"
"R111","49.625","141.170","0","1.5kR","0603"
"C111","51.650","142.250","0","1nF","0603"
"LED111","52.150","140.000","90","green_150060VS75000","0603"
"IC112","30.000","143.345","90","BGS12P2L6","TSLP-6-4"
"R112","29.625","141.170","0","1.5kR","0603"
"C112","31.650","142.250","0","1nF","0603"
"LED112","32.150","140.000","90","green_150060VS75000","0603"
"IC113","330.000","130.345","90","BGS12P2L6","TSLP-6-4"
"R113","329.625","128.170","0","1.5kR","0603"
"C113","331.650","129.250","0","1nF","0603"
"LED113","332.150","127.000","90","green_150060VS75000","0603"
"IC114","310.000","130.345","90","BGS12P2L6","TSLP-6-4"
"R114","309.625","128.170","0","1.5kR","0603"
"C114","311.650","129.250","0","1nF","0603"
"LED114","312.150","127.000","90","green_150060VS75000","0603"
"IC115","290.000","130.345","90","BGS12P2L6","TSLP-6-4"
"R115","289.625","128.170","0","1.5kR","0603"
"C115","291.650","129.250","0","1nF","0603"
"LED115","292.150","127.000","90","green_150060VS75000","0603"
"IC116","270.000","130.345","90","BGS12P2L6","TSLP-6-4"
"R116","269.625","128.170","0","1.5kR","0603"
"C116","271.650","129.250","0","1nF","0603"
"LED116","272.150","127.000","90","green_150060VS75000","0603"
"IC117","250.000","130.345","90","BGS12P2L6","TSLP-6-4"
"R117","249.625","128.170","0","1.5kR","0603"
"C117","251.650","129.250","0","1nF","0603"
"LED117","252.150","127.000","90","green_150060VS75000","0603"
"IC118","230.000","130.345","90","BGS12P2L6","TSLP-6-4"
"R118","229.625","128.170","0","1.5kR","0603"
"C118","231.650","129.250","0","1nF","0603"
"LED118","232.150","127.000","90","green_150060VS75000","0603"
"IC119","210.000","130.345","90","BGS12P2L6","TSLP-6-4"
"R119","209.625","128.170","0","1.5kR","0603"
"C119","211.650","129.250","0","1nF","0603"
"LED119","212.150","127.000","90","green_150060VS75000","0603"
"IC120","190.000","130.345","90","BGS12P2L6","TSLP-6-4"
"R120","189.625","128.170","0","1.5kR","0603"
"C120","191.650","129.250","0","1nF","0603"
"LED120","192.150","127.000","90","green_150060VS75000","0603"
"IC121","170.000","130.345","90","BGS12P2L6","TSLP-6-4"
"R121","169.625","128.170","0","1.5kR","0603"
"C121","171.650","129.250","0","1nF","0603"
"LED121","172.150","127.000","90","green_150060VS75000","0603"
"IC122","150.000","130.345","90","BGS12P2L6","TSLP-6-4"
"R122","149.625","128.170","0","1.5kR","0603"
"C122","151.650","129.250","0","1nF","0603"
"LED122","152.150","127.000","90","green_150060VS75000","0603"
"IC123","130.000","130.345","90","BGS12P2L6","TSLP-6-4"
"R123","129.625","128.170","0","1.5kR","0603"
"C123","131.650","129.250","0","1nF","0603"
"LED123","132.150","127.000","90","green_150060VS75000","0603"
"IC124","110.000","130.345","90","BGS12P2L6","TSLP-6-4"
"R124","109.625","128.170","0","1.5kR","0603"
"C124","111.650","129.250","0","1nF","0603"
"LED124","112.150","127.000","90","green_150060VS75000","0603"
"IC125","90.000","130.345","90","BGS12P2L6","TSLP-6-4"
"R125","89.625","128.170","0","1.5kR","0603"
"C125","91.650","129.250","0","1nF","0603"
"LED125","92.150","127.000","90","green_150060VS75000","0603"
"IC126","70.000","130.345","90","BGS12P2L6","TSLP-6-4"
"R126","69.625","128.170","0","1.5kR","0603"
"C126","71.650","129.250","0","1nF","0603"
"LED126","72.150","127.000","90","green_150060VS75000","0603"
"IC127","50.000","130.345","90","BGS12P2L6","TSLP-6-4"
"R127","49.625","128.170","0","1.5kR","0603"
"C127","51.650","129.250","0","1nF","0603"
"LED127","52.150","127.000","90","green_150060VS75000","0603"
"IC128","30.000","130.345","90","BGS12P2L6","TSLP-6-4"
"R128","29.625","128.170","0","1.5kR","0603"
"C128","31.650","129.250","0","1nF","0603"
"LED128","32.150","127.000","90","green_150060VS75000","0603"
"IC129","330.000","117.345","90","BGS12P2L6","TSLP-6-4"
"R129","329.625","115.170","0","1.5kR","0603"
"C129","331.650","116.250","0","1nF","0603"
"LED129","332.150","114.000","90","green_150060VS75000","0603"
"IC130","310.000","117.345","90","BGS12P2L6","TSLP-6-4"
"R130","309.625","115.170","0","1.5kR","0603"
"C130","311.650","116.250","0","1nF","0603"
"LED130","312.150","114.000","90","green_150060VS75000","0603"
"IC131","290.000","117.345","90","BGS12P2L6","TSLP-6-4"
"R131","289.625","115.170","0","1.5kR","0603"
"C131","291.650","116.250","0","1nF","0603"
"LED131","292.150","114.000","90","green_150060VS75000","0603"
"IC132","270.000","117.345","90","BGS12P2L6","TSLP-6-4"
"R132","269.625","115.170","0","1.5kR","0603"
"C132","271.650","116.250","0","1nF","0603"
"LED132","272.150","114.000","90","green_150060VS75000","0603"
"IC133","250.000","117.345","90","BGS12P2L6","TSLP-6-4"
"R133","249.625","115.170","0","1.5kR","0603"
"C133","251.650","116.250","0","1nF","0603"
"LED133","252.150","114.000","90","green_150060VS75000","0603"
"IC134","230.000","117.345","90","BGS12P2L6","TSLP-6-4"
"R134","229.625","115.170","0","1.5kR","0603"
"C134","231.650","116.250","0","1nF","0603"
"LED134","232.150","114.000","90","green_150060VS75000","0603"
"IC135","210.000","117.345","90","BGS12P2L6","TSLP-6-4"
"R135","209.625","115.170","0","1.5kR","0603"
"C135","211.650","116.250","0","1nF","0603"
"LED135","212.150","114.000","90","green_150060VS75000","0603"
"IC136","190.000","117.345","90","BGS12P2L6","TSLP-6-4"
"R136","189.625","115.170","0","1.5kR","0603"
"C136","191.650","116.250","0","1nF","0603"
"LED136","192.150","114.000","90","green_150060VS75000","0603"
"IC137","170.000","117.345","90","BGS12P2L6","TSLP-6-4"
"R137","169.625","115.170","0","1.5kR","0603"
"C137","171.650","116.250","0","1nF","0603"
"LED137","172.150","114.000","90","green_150060VS75000","0603"
"IC138","150.000","117.345","90","BGS12P2L6","TSLP-6-4"
"R138","149.625","115.170","0","1.5kR","0603"
"C138","151.650","116.250","0","1nF","0603"
"LED138","152.150","114.000","90","green_150060VS75000","0603"
"IC139","130.000","117.345","90","BGS12P2L6","TSLP-6-4"
"R139","129.625","115.170","0","1.5kR","0603"
"C139","131.650","116.250","0","1nF","0603"
"LED139","132.150","114.000","90","green_150060VS75000","0603"
"IC140","110.000","117.345","90","BGS12P2L6","TSLP-6-4"
"R140","109.625","115.170","0","1.5kR","0603"
"C140","111.650","116.250","0","1nF","0603"
"LED140","112.150","114.000","90","green_150060VS75000","0603"
"IC141","90.000","117.345","90","BGS12P2L6","TSLP-6-4"
"R141","89.625","115.170","0","1.5kR","0603"
"C141","91.650","116.250","0","1nF","0603"
"LED141","92.150","114.000","90","green_150060VS75000","0603"
"IC142","70.000","117.345","90","BGS12P2L6","TSLP-6-4"
"R142","69.625","115.170","0","1.5kR","0603"
"C142","71.650","116.250","0","1nF","0603"
"LED142","72.150","114.000","90","green_150060VS75000","0603"
"IC143","50.000","117.345","90","BGS12P2L6","TSLP-6-4"
"R143","49.625","115.170","0","1.5kR","0603"
"C143","51.650","116.250","0","1nF","0603"
"LED143","52.150","114.000","90","green_150060VS75000","0603"
"IC144","30.000","117.345","90","BGS12P2L6","TSLP-6-4"
"R144","29.625","115.170","0","1.5kR","0603"
"C144","31.650","116.250","0","1nF","0603"
"LED144","32.150","114.000","90","green_150060VS75000","0603"
"IC145","330.000","104.345","90","BGS12P2L6","TSLP-6-4"
"R145","329.625","102.170","0","1.5kR","0603"
"C145","331.650","103.250","0","1nF","0603"
"LED145","332.150","101.000","90","green_150060VS75000","0603"
"IC146","310.000","104.345","90","BGS12P2L6","TSLP-6-4"
"R146","309.625","102.170","0","1.5kR","0603"
"C146","311.650","103.250","0","1nF","0603"
"LED146","312.150","101.000","90","green_150060VS75000","0603"
"IC147","290.000","104.345","90","BGS12P2L6","TSLP-6-4"
"R147","289.625","102.170","0","1.5kR","0603"
"C147","291.650","103.250","0","1nF","0603"
"LED147","292.150","101.000","90","green_150060VS75000","0603"
"IC148","270.000","104.345","90","BGS12P2L6","TSLP-6-4"
"R148","269.625","102.170","0","1.5kR","0603"
"C148","271.650","103.250","0","1nF","0603"
"LED148","272.150","101.000","90","green_150060VS75000","0603"
"IC149","250.000","104.345","90","BGS12P2L6","TSLP-6-4"
"R149","249.625","102.170","0","1.5kR","0603"
"C149","251.650","103.250","0","1nF","0603"
"LED149","252.150","101.000","90","green_150060VS75000","0603"
"IC150","230.000","104.345","90","BGS12P2L6","TSLP-6-4"
"R150","229.625","102.170","0","1.5kR","0603"
"C150","231.650","103.250","0","1nF","0603"
"LED150","232.150","101.000","90","green_150060VS75000","0603"
"IC151","210.000","104.345","90","BGS12P2L6","TSLP-6-4"
"R151","209.625","102.170","0","1.5kR","0603"
"C151","211.650","103.250","0","1nF","0603"
"LED151","212.150","101.000","90","green_150060VS75000","0603"
"IC152","190.000","104.345","90","BGS12P2L6","TSLP-6-4"
"R152","189.625","102.170","0","1.5kR","0603"
"C152","191.650","103.250","0","1nF","0603"
"LED152","192.150","101.000","90","green_150060VS75000","0603"
"IC153","170.000","104.345","90","BGS12P2L6","TSLP-6-4"
"R153","169.625","102.170","0","1.5kR","0603"
"C153","171.650","103.250","0","1nF","0603"
"LED153","172.150","101.000","90","green_150060VS75000","0603"
"IC154","150.000","104.345","90","BGS12P2L6","TSLP-6-4"
"R154","149.625","102.170","0","1.5kR","0603"
"C154","151.650","103.250","0","1nF","0603"
"LED154","152.150","101.000","90","green_150060VS75000","0603"
"IC155","130.000","104.345","90","BGS12P2L6","TSLP-6-4"
"R155","129.625","102.170","0","1.5kR","0603"
"C155","131.650","103.250","0","1nF","0603"
"LED155","132.150","101.000","90","green_150060VS75000","0603"
"IC156","110.000","104.345","90","BGS12P2L6","TSLP-6-4"
"R156","109.625","102.170","0","1.5kR","0603"
"C156","111.650","103.250","0","1nF","0603"
"LED156","112.150","101.000","90","green_150060VS75000","0603"
"IC157","90.000","104.345","90","BGS12P2L6","TSLP-6-4"
"R157","89.625","102.170","0","1.5kR","0603"
"C157","91.650","103.250","0","1nF","0603"
"LED157","92.150","101.000","90","green_150060VS75000","0603"
"IC158","70.000","104.345","90","BGS12P2L6","TSLP-6-4"
"R158","69.625","102.170","0","1.5kR","0603"
"C158","71.650","103.250","0","1nF","0603"
"LED158","72.150","101.000","90","green_150060VS75000","0603"
"IC159","50.000","104.345","90","BGS12P2L6","TSLP-6-4"
"R159","49.625","102.170","0","1.5kR","0603"
"C159","51.650","103.250","0","1nF","0603"
"LED159","52.150","101.000","90","green_150060VS75000","0603"
"IC160","30.000","104.345","90","BGS12P2L6","TSLP-6-4"
"R160","29.625","102.170","0","1.5kR","0603"
"C160","31.650","103.250","0","1nF","0603"
"LED160","32.150","101.000","90","green_150060VS75000","0603"
"IC161","330.000","91.345","90","BGS12P2L6","TSLP-6-4"
"R161","329.625","89.170","0","1.5kR","0603"
"C161","331.650","90.250","0","1nF","0603"
"LED161","332.150","88.000","90","green_150060VS75000","0603"
"IC162","310.000","91.345","90","BGS12P2L6","TSLP-6-4"
"R162","309.625","89.170","0","1.5kR","0603"
"C162","311.650","90.250","0","1nF","0603"
"LED162","312.150","88.000","90","green_150060VS75000","0603"
"IC163","290.000","91.345","90","BGS12P2L6","TSLP-6-4"
"R163","289.625","89.170","0","1.5kR","0603"
"C163","291.650","90.250","0","1nF","0603"
"LED163","292.150","88.000","90","green_150060VS75000","0603"
"IC164","270.000","91.345","90","BGS12P2L6","TSLP-6-4"
"R164","269.625","89.170","0","1.5kR","0603"
"C164","271.650","90.250","0","1nF","0603"
"LED164","272.150","88.000","90","green_150060VS75000","0603"
"IC165","250.000","91.345","90","BGS12P2L6","TSLP-6-4"
"R165","249.625","89.170","0","1.5kR","0603"
"C165","251.650","90.250","0","1nF","0603"
"LED165","252.150","88.000","90","green_150060VS75000","0603"
"IC166","230.000","91.345","90","BGS12P2L6","TSLP-6-4"
"R166","229.625","89.170","0","1.5kR","0603"
"C166","231.650","90.250","0","1nF","0603"
"LED166","232.150","88.000","90","green_150060VS75000","0603"
"IC167","210.000","91.345","90","BGS12P2L6","TSLP-6-4"
"R167","209.625","89.170","0","1.5kR","0603"
"C167","211.650","90.250","0","1nF","0603"
"LED167","212.150","88.000","90","green_150060VS75000","0603"
"IC168","190.000","91.345","90","BGS12P2L6","TSLP-6-4"
"R168","189.625","89.170","0","1.5kR","0603"
"C168","191.650","90.250","0","1nF","0603"
"LED168","192.150","88.000","90","green_150060VS75000","0603"
"IC169","170.000","91.345","90","BGS12P2L6","TSLP-6-4"
"R169","169.625","89.170","0","1.5kR","0603"
"C169","171.650","90.250","0","1nF","0603"
"LED169","172.150","88.000","90","green_150060VS75000","0603"
"IC170","150.000","91.345","90","BGS12P2L6","TSLP-6-4"
"R170","149.625","89.170","0","1.5kR","0603"
"C170","151.650","90.250","0","1nF","0603"
"LED170","152.150","88.000","90","green_150060VS75000","0603"
"IC171","130.000","91.345","90","BGS12P2L6","TSLP-6-4"
"R171","129.625","89.170","0","1.5kR","0603"
"C171","131.650","90.250","0","1nF","0603"
"LED171","132.150","88.000","90","green_150060VS75000","0603"
"IC172","110.000","91.345","90","BGS12P2L6","TSLP-6-4"
"R172","109.625","89.170","0","1.5kR","0603"
"C172","111.650","90.250","0","1nF","0603"
"LED172","112.150","88.000","90","green_150060VS75000","0603"
"IC173","90.000","91.345","90","BGS12P2L6","TSLP-6-4"
"R173","89.625","89.170","0","1.5kR","0603"
"C173","91.650","90.250","0","1nF","0603"
"LED173","92.150","88.000","90","green_150060VS75000","0603"
"IC174","70.000","91.345","90","BGS12P2L6","TSLP-6-4"
"R174","69.625","89.170","0","1.5kR","0603"
"C174","71.650","90.250","0","1nF","0603"
"LED174","72.150","88.000","90","green_150060VS75000","0603"
"IC175","50.000","91.345","90","BGS12P2L6","TSLP-6-4"
"R175","49.625","89.170","0","1.5kR","0603"
"C175","51.650","90.250","0","1nF","0603"
"LED175","52.150","88.000","90","green_150060VS75000","0603"
"IC176","30.000","91.345","90","BGS12P2L6","TSLP-6-4"
"R176","29.625","89.170","0","1.5kR","0603"
"C176","31.650","90.250","0","1nF","0603"
"LED176","32.150","88.000","90","green_150060VS75000","0603"
"IC177","330.000","78.345","90","BGS12P2L6","TSLP-6-4"
"R177","329.625","76.170","0","1.5kR","0603"
"C177","331.650","77.250","0","1nF","0603"
"LED177","332.150","75.000","90","green_150060VS75000","0603"
"IC178","310.000","78.345","90","BGS12P2L6","TSLP-6-4"
"R178","309.625","76.170","0","1.5kR","0603"
"C178","311.650","77.250","0","1nF","0603"
"LED178","312.150","75.000","90","green_150060VS75000","0603"
"IC179","290.000","78.345","90","BGS12P2L6","TSLP-6-4"
"R179","289.625","76.170","0","1.5kR","0603"
"C179","291.650","77.250","0","1nF","0603"
"LED179","292.150","75.000","90","green_150060VS75000","0603"
"IC180","270.000","78.345","90","BGS12P2L6","TSLP-6-4"
"R180","269.625","76.170","0","1.5kR","0603"
"C180","271.650","77.250","0","1nF","0603"
"LED180","272.150","75.000","90","green_150060VS75000","0603"
"IC181","250.000","78.345","90","BGS12P2L6","TSLP-6-4"
"R181","249.625","76.170","0","1.5kR","0603"
"C181","251.650","77.250","0","1nF","0603"
"LED181","252.150","75.000","90","green_150060VS75000","0603"
"IC182","230.000","78.345","90","BGS12P2L6","TSLP-6-4"
"R182","229.625","76.170","0","1.5kR","0603"
"C182","231.650","77.250","0","1nF","0603"
"LED182","232.150","75.000","90","green_150060VS75000","0603"
"IC183","210.000","78.345","90","BGS12P2L6","TSLP-6-4"
"R183","209.625","76.170","0","1.5kR","0603"
"C183","211.650","77.250","0","1nF","0603"
"LED183","212.150","75.000","90","green_150060VS75000","0603"
"IC184","190.000","78.345","90","BGS12P2L6","TSLP-6-4"
"R184","189.625","76.170","0","1.5kR","0603"
"C184","191.650","77.250","0","1nF","0603"
"LED184","192.150","75.000","90","green_150060VS75000","0603"
"IC185","170.000","78.345","90","BGS12P2L6","TSLP-6-4"
"R185","169.625","76.170","0","1.5kR","0603"
"C185","171.650","77.250","0","1nF","0603"
"LED185","172.150","75.000","90","green_150060VS75000","0603"
"IC186","150.000","78.345","90","BGS12P2L6","TSLP-6-4"
"R186","149.625","76.170","0","1.5kR","0603"
"C186","151.650","77.250","0","1nF","0603"
"LED186","152.150","75.000","90","green_150060VS75000","0603"
"IC187","130.000","78.345","90","BGS12P2L6","TSLP-6-4"
"R187","129.625","76.170","0","1.5kR","0603"
"C187","131.650","77.250","0","1nF","0603"
"LED187","132.150","75.000","90","green_150060VS75000","0603"
"IC188","110.000","78.345","90","BGS12P2L6","TSLP-6-4"
"R188","109.625","76.170","0","1.5kR","0603"
"C188","111.650","77.250","0","1nF","0603"
"LED188","112.150","75.000","90","green_150060VS75000","0603"
"IC189","90.000","78.345","90","BGS12P2L6","TSLP-6-4"
"R189","89.625","76.170","0","1.5kR","0603"
"C189","91.650","77.250","0","1nF","0603"
"LED189","92.150","75.000","90","green_150060VS75000","0603"
"IC190","70.000","78.345","90","BGS12P2L6","TSLP-6-4"
"R190","69.625","76.170","0","1.5kR","0603"
"C190","71.650","77.250","0","1nF","0603"
"LED190","72.150","75.000","90","green_150060VS75000","0603"
"IC191","50.000","78.345","90","BGS12P2L6","TSLP-6-4"
"R191","49.625","76.170","0","1.5kR","0603"
"C191","51.650","77.250","0","1nF","0603"
"LED191","52.150","75.000","90","green_150060VS75000","0603"
"IC192","30.000","78.345","90","BGS12P2L6","TSLP-6-4"
"R192","29.625","76.170","0","1.5kR","0603"
"C192","31.650","77.250","0","1nF","0603"
"LED192","32.150","75.000","90","green_150060VS75000","0603"
"IC193","330.000","65.345","90","BGS12P2L6","TSLP-6-4"
"R193","329.625","63.170","0","1.5kR","0603"
"C193","331.650","64.250","0","1nF","0603"
"LED193","332.150","62.000","90","green_150060VS75000","0603"
"IC194","310.000","65.345","90","BGS12P2L6","TSLP-6-4"
"R194","309.625","63.170","0","1.5kR","0603"
"C194","311.650","64.250","0","1nF","0603"
"LED194","312.150","62.000","90","green_150060VS75000","0603"
"IC195","290.000","65.345","90","BGS12P2L6","TSLP-6-4"
"R195","289.625","63.170","0","1.5kR","0603"
"C195","291.650","64.250","0","1nF","0603"
"LED195","292.150","62.000","90","green_150060VS75000","0603"
"IC196","270.000","65.345","90","BGS12P2L6","TSLP-6-4"
"R196","269.625","63.170","0","1.5kR","0603"
"C196","271.650","64.250","0","1nF","0603"
"LED196","272.150","62.000","90","green_150060VS75000","0603"
"IC197","250.000","65.345","90","BGS12P2L6","TSLP-6-4"
"R197","249.625","63.170","0","1.5kR","0603"
"C197","251.650","64.250","0","1nF","0603"
"LED197","252.150","62.000","90","green_150060VS75000","0603"
"IC198","230.000","65.345","90","BGS12P2L6","TSLP-6-4"
"R198","229.625","63.170","0","1.5kR","0603"
"C198","231.650","64.250","0","1nF","0603"
"LED198","232.150","62.000","90","green_150060VS75000","0603"
"IC199","210.000","65.345","90","BGS12P2L6","TSLP-6-4"
"R199","209.625","63.170","0","1.5kR","0603"
"C199","211.650","64.250","0","1nF","0603"
"LED199","212.150","62.000","90","green_150060VS75000","0603"
"IC200","190.000","65.345","90","BGS12P2L6","TSLP-6-4"
"R200","189.625","63.170","0","1.5kR","0603"
"C200","191.650","64.250","0","1nF","0603"
"LED200","192.150","62.000","90","green_150060VS75000","0603"
"IC201","170.000","65.345","90","BGS12P2L6","TSLP-6-4"
"R201","169.625","63.170","0","1.5kR","0603"
"C201","171.650","64.250","0","1nF","0603"
"LED201","172.150","62.000","90","green_150060VS75000","0603"
"IC202","150.000","65.345","90","BGS12P2L6","TSLP-6-4"
"R202","149.625","63.170","0","1.5kR","0603"
"C202","151.650","64.250","0","1nF","0603"
"LED202","152.150","62.000","90","green_150060VS75000","0603"
"IC203","130.000","65.345","90","BGS12P2L6","TSLP-6-4"
"R203","129.625","63.170","0","1.5kR","0603"
"C203","131.650","64.250","0","1nF","0603"
"LED203","132.150","62.000","90","green_150060VS75000","0603"
"IC204","110.000","65.345","90","BGS12P2L6","TSLP-6-4"
"R204","109.625","63.170","0","1.5kR","0603"
"C204","111.650","64.250","0","1nF","0603"
"LED204","112.150","62.000","90","green_150060VS75000","0603"
"IC205","90.000","65.345","90","BGS12P2L6","TSLP-6-4"
"R205","89.625","63.170","0","1.5kR","0603"
"C205","91.650","64.250","0","1nF","0603"
"LED205","92.150","62.000","90","green_150060VS75000","0603"
"IC206","70.000","65.345","90","BGS12P2L6","TSLP-6-4"
"R206","69.625","63.170","0","1.5kR","0603"
"C206","71.650","64.250","0","1nF","0603"
"LED206","72.150","62.000","90","green_150060VS75000","0603"
"IC207","50.000","65.345","90","BGS12P2L6","TSLP-6-4"
"R207","49.625","63.170","0","1.5kR","0603"
"C207","51.650","64.250","0","1nF","0603"
"LED207","52.150","62.000","90","green_150060VS75000","0603"
"IC208","30.000","65.345","90","BGS12P2L6","TSLP-6-4"
"R208","29.625","63.170","0","1.5kR","0603"
"C208","31.650","64.250","0","1nF","0603"
"LED208","32.150","62.000","90","green_150060VS75000","0603"
"IC209","330.000","52.345","90","BGS12P2L6","TSLP-6-4"
"R209","329.625","50.170","0","1.5kR","0603"
"C209","331.650","51.250","0","1nF","0603"
"LED209","332.150","49.000","90","green_150060VS75000","0603"
"IC210","310.000","52.345","90","BGS12P2L6","TSLP-6-4"
"R210","309.625","50.170","0","1.5kR","0603"
"C210","311.650","51.250","0","1nF","0603"
"LED210","312.150","49.000","90","green_150060VS75000","0603"
"IC211","290.000","52.345","90","BGS12P2L6","TSLP-6-4"
"R211","289.625","50.170","0","1.5kR","0603"
"C211","291.650","51.250","0","1nF","0603"
"LED211","292.150","49.000","90","green_150060VS75000","0603"
"IC212","270.000","52.345","90","BGS12P2L6","TSLP-6-4"
"R212","269.625","50.170","0","1.5kR","0603"
"C212","271.650","51.250","0","1nF","0603"
"LED212","272.150","49.000","90","green_150060VS75000","0603"
"IC213","250.000","52.345","90","BGS12P2L6","TSLP-6-4"
"R213","249.625","50.170","0","1.5kR","0603"
"C213","251.650","51.250","0","1nF","0603"
"LED213","252.150","49.000","90","green_150060VS75000","0603"
"IC214","230.000","52.345","90","BGS12P2L6","TSLP-6-4"
"R214","229.625","50.170","0","1.5kR","0603"
"C214","231.650","51.250","0","1nF","0603"
"LED214","232.150","49.000","90","green_150060VS75000","0603"
"IC215","210.000","52.345","90","BGS12P2L6","TSLP-6-4"
"R215","209.625","50.170","0","1.5kR","0603"
"C215","211.650","51.250","0","1nF","0603"
"LED215","212.150","49.000","90","green_150060VS75000","0603"
"IC216","190.000","52.345","90","BGS12P2L6","TSLP-6-4"
"R216","189.625","50.170","0","1.5kR","0603"
"C216","191.650","51.250","0","1nF","0603"
"LED216","192.150","49.000","90","green_150060VS75000","0603"
"IC217","170.000","52.345","90","BGS12P2L6","TSLP-6-4"
"R217","169.625","50.170","0","1.5kR","0603"
"C217","171.650","51.250","0","1nF","0603"
"LED217","172.150","49.000","90","green_150060VS75000","0603"
"IC218","150.000","52.345","90","BGS12P2L6","TSLP-6-4"
"R218","149.625","50.170","0","1.5kR","0603"
"C218","151.650","51.250","0","1nF","0603"
"LED218","152.150","49.000","90","green_150060VS75000","0603"
"IC219","130.000","52.345","90","BGS12P2L6","TSLP-6-4"
"R219","129.625","50.170","0","1.5kR","0603"
"C219","131.650","51.250","0","1nF","0603"
"LED219","132.150","49.000","90","green_150060VS75000","0603"
"IC220","110.000","52.345","90","BGS12P2L6","TSLP-6-4"
"R220","109.625","50.170","0","1.5kR","0603"
"C220","111.650","51.250","0","1nF","0603"
"LED220","112.150","49.000","90","green_150060VS75000","0603"
"IC221","90.000","52.345","90","BGS12P2L6","TSLP-6-4"
"R221","89.625","50.170","0","1.5kR","0603"
"C221","91.650","51.250","0","1nF","0603"
"LED221","92.150","49.000","90","green_150060VS75000","0603"
"IC222","70.000","52.345","90","BGS12P2L6","TSLP-6-4"
"R222","69.625","50.170","0","1.5kR","0603"
"C222","71.650","51.250","0","1nF","0603"
"LED222","72.150","49.000","90","green_150060VS75000","0603"
"IC223","50.000","52.345","90","BGS12P2L6","TSLP-6-4"
"R223","49.625","50.170","0","1.5kR","0603"
"C223","51.650","51.250","0","1nF","0603"
"LED223","52.150","49.000","90","green_150060VS75000","0603"
"IC224","30.000","52.345","90","BGS12P2L6","TSLP-6-4"
"R224","29.625","50.170","0","1.5kR","0603"
"C224","31.650","51.250","0","1nF","0603"
"LED224","32.150","49.000","90","green_150060VS75000","0603"
"IC225","330.000","39.345","90","BGS12P2L6","TSLP-6-4"
"R225","329.625","37.170","0","1.5kR","0603"
"C225","331.650","38.250","0","1nF","0603"
"LED225","332.150","36.000","90","green_150060VS75000","0603"
"IC226","310.000","39.345","90","BGS12P2L6","TSLP-6-4"
"R226","309.625","37.170","0","1.5kR","0603"
"C226","311.650","38.250","0","1nF","0603"
"LED226","312.150","36.000","90","green_150060VS75000","0603"
"IC227","290.000","39.345","90","BGS12P2L6","TSLP-6-4"
"R227","289.625","37.170","0","1.5kR","0603"
"C227","291.650","38.250","0","1nF","0603"
"LED227","292.150","36.000","90","green_150060VS75000","0603"
"IC228","270.000","39.345","90","BGS12P2L6","TSLP-6-4"
"R228","269.625","37.170","0","1.5kR","0603"
"C228","271.650","38.250","0","1nF","0603"
"LED228","272.150","36.000","90","green_150060VS75000","0603"
"IC229","250.000","39.345","90","BGS12P2L6","TSLP-6-4"
"R229","249.625","37.170","0","1.5kR","0603"
"C229","251.650","38.250","0","1nF","0603"
"LED229","252.150","36.000","90","green_150060VS75000","0603"
"IC230","230.000","39.345","90","BGS12P2L6","TSLP-6-4"
"R230","229.625","37.170","0","1.5kR","0603"
"C230","231.650","38.250","0","1nF","0603"
"LED230","232.150","36.000","90","green_150060VS75000","0603"
"IC231","210.000","39.345","90","BGS12P2L6","TSLP-6-4"
"R231","209.625","37.170","0","1.5kR","0603"
"C231","211.650","38.250","0","1nF","0603"
"LED231","212.150","36.000","90","green_150060VS75000","0603"
"IC232","190.000","39.345","90","BGS12P2L6","TSLP-6-4"
"R232","189.625","37.170","0","1.5kR","0603"
"C232","191.650","38.250","0","1nF","0603"
"LED232","192.150","36.000","90","green_150060VS75000","0603"
"IC233","170.000","39.345","90","BGS12P2L6","TSLP-6-4"
"R233","169.625","37.170","0","1.5kR","0603"
"C233","171.650","38.250","0","1nF","0603"
"LED233","172.150","36.000","90","green_150060VS75000","0603"
"IC234","150.000","39.345","90","BGS12P2L6","TSLP-6-4"
"R234","149.625","37.170","0","1.5kR","0603"
"C234","151.650","38.250","0","1nF","0603"
"LED234","152.150","36.000","90","green_150060VS75000","0603"
"IC235","130.000","39.345","90","BGS12P2L6","TSLP-6-4"
"R235","129.625","37.170","0","1.5kR","0603"
"C235","131.650","38.250","0","1nF","0603"
"LED235","132.150","36.000","90","green_150060VS75000","0603"
"IC236","110.000","39.345","90","BGS12P2L6","TSLP-6-4"
"R236","109.625","37.170","0","1.5kR","0603"
"C236","111.650","38.250","0","1nF","0603"
"LED236","112.150","36.000","90","green_150060VS75000","0603"
"IC237","90.000","39.345","90","BGS12P2L6","TSLP-6-4"
"R237","89.625","37.170","0","1.5kR","0603"
"C237","91.650","38.250","0","1nF","0603"
"LED237","92.150","36.000","90","green_150060VS75000","0603"
"IC238","70.000","39.345","90","BGS12P2L6","TSLP-6-4"
"R238","69.625","37.170","0","1.5kR","0603"
"C238","71.650","38.250","0","1nF","0603"
"LED238","72.150","36.000","90","green_150060VS75000","0603"
"IC239","50.000","39.345","90","BGS12P2L6","TSLP-6-4"
"R239","49.625","37.170","0","1.5kR","0603"
"C239","51.650","38.250","0","1nF","0603"
"LED239","52.150","36.000","90","green_150060VS75000","0603"
"IC240","30.000","39.345","90","BGS12P2L6","TSLP-6-4"
"R240","29.625","37.170","0","1.5kR","0603"
"C240","31.650","38.250","0","1nF","0603"
"LED240","32.150","36.000","90","green_150060VS75000","0603"
"IC241","330.000","26.345","90","BGS12P2L6","TSLP-6-4"
"R241","329.625","24.170","0","1.5kR","0603"
"C241","331.650","25.250","0","1nF","0603"
"LED241","332.150","23.000","90","green_150060VS75000","0603"
"IC242","310.000","26.345","90","BGS12P2L6","TSLP-6-4"
"R242","309.625","24.170","0","1.5kR","0603"
"C242","311.650","25.250","0","1nF","0603"
"LED242","312.150","23.000","90","green_150060VS75000","0603"
"IC243","290.000","26.345","90","BGS12P2L6","TSLP-6-4"
"R243","289.625","24.170","0","1.5kR","0603"
"C243","291.650","25.250","0","1nF","0603"
"LED243","292.150","23.000","90","green_150060VS75000","0603"
"IC244","270.000","26.345","90","BGS12P2L6","TSLP-6-4"
"R244","269.625","24.170","0","1.5kR","0603"
"C244","271.650","25.250","0","1nF","0603"
"LED244","272.150","23.000","90","green_150060VS75000","0603"
"IC245","250.000","26.345","90","BGS12P2L6","TSLP-6-4"
"R245","249.625","24.170","0","1.5kR","0603"
"C245","251.650","25.250","0","1nF","0603"
"LED245","252.150","23.000","90","green_150060VS75000","0603"
"IC246","230.000","26.345","90","BGS12P2L6","TSLP-6-4"
"R246","229.625","24.170","0","1.5kR","0603"
"C246","231.650","25.250","0","1nF","0603"
"LED246","232.150","23.000","90","green_150060VS75000","0603"
"IC247","210.000","26.345","90","BGS12P2L6","TSLP-6-4"
"R247","209.625","24.170","0","1.5kR","0603"
"C247","211.650","25.250","0","1nF","0603"
"LED247","212.150","23.000","90","green_150060VS75000","0603"
"IC248","190.000","26.345","90","BGS12P2L6","TSLP-6-4"
"R248","189.625","24.170","0","1.5kR","0603"
"C248","191.650","25.250","0","1nF","0603"
"LED248","192.150","23.000","90","green_150060VS75000","0603"
"IC249","170.000","26.345","90","BGS12P2L6","TSLP-6-4"
"R249","169.625","24.170","0","1.5kR","0603"
"C249","171.650","25.250","0","1nF","0603"
"LED249","172.150","23.000","90","green_150060VS75000","0603"
"IC250","150.000","26.345","90","BGS12P2L6","TSLP-6-4"
"R250","149.625","24.170","0","1.5kR","0603"
"C250","151.650","25.250","0","1nF","0603"
"LED250","152.150","23.000","90","green_150060VS75000","0603"
"IC251","130.000","26.345","90","BGS12P2L6","TSLP-6-4"
"R251","129.625","24.170","0","1.5kR","0603"
"C251","131.650","25.250","0","1nF","0603"
"LED251","132.150","23.000","90","green_150060VS75000","0603"
"IC252","110.000","26.345","90","BGS12P2L6","TSLP-6-4"
"R252","109.625","24.170","0","1.5kR","0603"
"C252","111.650","25.250","0","1nF","0603"
"LED252","112.150","23.000","90","green_150060VS75000","0603"
"IC253","90.000","26.345","90","BGS12P2L6","TSLP-6-4"
"R253","89.625","24.170","0","1.5kR","0603"
"C253","91.650","25.250","0","1nF","0603"
"LED253","92.150","23.000","90","green_150060VS75000","0603"
"IC254","70.000","26.345","90","BGS12P2L6","TSLP-6-4"
"R254","69.625","24.170","0","1.5kR","0603"
"C254","71.650","25.250","0","1nF","0603"
"LED254","72.150","23.000","90","green_150060VS75000","0603"
"IC255","50.000","26.345","90","BGS12P2L6","TSLP-6-4"
"R255","49.625","24.170","0","1.5kR","0603"
"C255","51.650","25.250","0","1nF","0603"
"LED255","52.150","23.000","90","green_150060VS75000","0603"
"IC256","30.000","26.345","90","BGS12P2L6","TSLP-6-4"
"R256","29.625","24.170","0","1.5kR","0603"
"C256","31.650","25.250","0","1nF","0603"
"LED256","32.150","23.000","90","green_150060VS75000","0603"
"R257","26.000","226.550","0","0R","0603"
"R258","42.000","226.550","0","0R","0603"
"R259","62.000","226.550","0","0R","0603"
"R260","82.000","226.550","0","0R","0603"
"R261","102.000","226.550","0","0R","0603"
"R262","122.000","226.550","0","0R","0603"
"R263","142.000","226.550","0","0R","0603"
"R264","162.000","226.550","0","0R","0603"
"R265","182.000","226.550","0","0R","0603"
"R266","202.000","226.550","0","0R","0603"
"R267","222.000","226.550","0","0R","0603"
"R268","242.000","226.550","0","0R","0603"
"R269","262.000","226.550","0","0R","0603"
"R270","282.000","226.550","0","0R","0603"
"R271","302.000","226.550","0","0R","0603"
"R272","40.000","223.050","0","0R","0603"
"R273","60.000","223.050","0","0R","0603"
"R274","80.000","223.050","0","0R","0603"
"R275","100.000","223.050","0","0R","0603"
"R276","120.000","223.050","0","0R","0603"
"R277","140.000","223.050","0","0R","0603"
"R278","160.000","223.050","0","0R","0603"
"R279","180.000","223.050","0","0R","0603"
"R280","200.000","223.050","0","0R","0603"
"R281","220.000","223.050","0","0R","0603"
"R282","240.000","223.050","0","0R","0603"
"R283","260.000","223.050","0","0R","0603"
"R284","280.000","223.050","0","0R","0603"
"R285","300.000","223.050","0","0R","0603"
"R286","320.000","223.050","0","0R","0603"
"R287","42.000","223.050","0","0R","0603"
"R288","62.000","223.050","0","0R","0603"
"R289","82.000","223.050","0","0R","0603"
"R290","102.000","223.050","0","0R","0603"
"R291","122.000","223.050","0","0R","0603"
"R292","142.000","223.050","0","0R","0603"
"R293","162.000","223.050","0","0R","0603"
"R294","182.000","223.050","0","0R","0603"
"R295","202.000","223.050","0","0R","0603"
"R296","222.000","223.050","0","0R","0603"
"R297","242.000","223.050","0","0R","0603"
"R298","262.000","223.050","0","0R","0603"
"R299","282.000","223.050","0","0R","0603"
"R300","302.000","223.050","0","0R","0603"
"R301","322.000","223.050","0","0R","0603"
"IC257","324.110","142.800","270","74HC595BQ","DHVQFN16"
"C257","327.350","150.300","0","100nF","0603"
"R302","327.350","143.070","0","0R","0603"
"R303","327.350","138.530","0","0R","0603"
"R304","325.650","138.530","0","0R","0603"
"R305","327.260","134.930","0","0R","0603"
"R306","325.560","134.930","0","0R","0603"
"R307","323.860","134.930","0","0R","0603"
"R308","322.160","134.930","0","0R","0603"
"R309","322.160","130.830","0","0R","0603"
"IC258","304.110","142.800","270","74HC595BQ","DHVQFN16"
"C258","307.350","150.300","0","100nF","0603"
"R310","307.350","143.070","0","0R","0603"
"R311","307.350","138.530","0","0R","0603"
"R312","305.650","138.530","0","0R","0603"
"R313","307.260","134.930","0","0R","0603"
"R314","305.560","134.930","0","0R","0603"
"R315","303.860","134.930","0","0R","0603"
"R316","302.160","134.930","0","0R","0603"
"R317","302.160","130.830","0","0R","0603"
"IC259","284.110","142.800","270","74HC595BQ","DHVQFN16"
"C259","287.350","150.300","0","100nF","0603"
"R318","287.350","143.070","0","0R","0603"
"R319","287.350","138.530","0","0R","0603"
"R320","285.650","138.530","0","0R","0603"
"R321","287.260","134.930","0","0R","0603"
"R322","285.560","134.930","0","0R","0603"
"R323","283.860","134.930","0","0R","0603"
"R324","282.160","134.930","0","0R","0603"
"R325","282.160","130.830","0","0R","0603"
"IC260","264.110","142.800","270","74HC595BQ","DHVQFN16"
"C260","267.350","150.300","0","100nF","0603"
"R326","267.350","143.070","0","0R","0603"
"R327","267.350","138.530","0","0R","0603"
"R328","265.650","138.530","0","0R","0603"
"R329","267.260","134.930","0","0R","0603"
"R330","265.560","134.930","0","0R","0603"
"R331","263.860","134.930","0","0R","0603"
"R332","262.160","134.930","0","0R","0603"
"R333","262.160","130.830","0","0R","0603"
"IC261","244.110","142.800","270","74HC595BQ","DHVQFN16"
"C261","247.350","150.300","0","100nF","0603"
"R334","247.350","143.070","0","0R","0603"
"R335","247.350","138.530","0","0R","0603"
"R336","245.650","138.530","0","0R","0603"
"R337","247.260","134.930","0","0R","0603"
"R338","245.560","134.930","0","0R","0603"
"R339","243.860","134.930","0","0R","0603"
"R340","242.160","134.930","0","0R","0603"
"R341","242.160","130.830","0","0R","0603"
"IC262","224.110","142.800","270","74HC595BQ","DHVQFN16"
"C262","227.350","150.300","0","100nF","0603"
"R342","227.350","143.070","0","0R","0603"
"R343","227.350","138.530","0","0R","0603"
"R344","225.650","138.530","0","0R","0603"
"R345","227.260","134.930","0","0R","0603"
"R346","225.560","134.930","0","0R","0603"
"R347","223.860","134.930","0","0R","0603"
"R348","222.160","134.930","0","0R","0603"
"R349","222.160","130.830","0","0R","0603"
"IC263","204.110","142.800","270","74HC595BQ","DHVQFN16"
"C263","207.350","150.300","0","100nF","0603"
"R350","207.350","143.070","0","0R","0603"
"R351","207.350","138.530","0","0R","0603"
"R352","205.650","138.530","0","0R","0603"
"R353","207.260","134.930","0","0R","0603"
"R354","205.560","134.930","0","0R","0603"
"R355","203.860","134.930","0","0R","0603"
"R356","202.160","134.930","0","0R","0603"
"R357","202.160","130.830","0","0R","0603"
"IC264","184.110","142.800","270","74HC595BQ","DHVQFN16"
"C264","187.350","150.300","0","100nF","0603"
"R358","187.350","143.070","0","0R","0603"
"R359","187.350","138.530","0","0R","0603"
"R360","185.650","138.530","0","0R","0603"
"R361","187.260","134.930","0","0R","0603"
"R362","185.560","134.930","0","0R","0603"
"R363","183.860","134.930","0","0R","0603"
"R364","182.160","134.930","0","0R","0603"
"R365","182.160","130.830","0","0R","0603"
"IC265","164.110","142.800","270","74HC595BQ","DHVQFN16"
"C265","167.350","150.300","0","100nF","0603"
"R366","167.350","143.070","0","0R","0603"
"R367","167.350","138.530","0","0R","0603"
"R368","165.650","138.530","0","0R","0603"
"R369","167.260","134.930","0","0R","0603"
"R370","165.560","134.930","0","0R","0603"
"R371","163.860","134.930","0","0R","0603"
"R372","162.160","134.930","0","0R","0603"
"R373","162.160","130.830","0","0R","0603"
"IC266","144.110","142.800","270","74HC595BQ","DHVQFN16"
"C266","147.350","150.300","0","100nF","0603"
"R374","147.350","143.070","0","0R","0603"
"R375","147.350","138.530","0","0R","0603"
"R376","145.650","138.530","0","0R","0603"
"R377","147.260","134.930","0","0R","0603"
"R378","145.560","134.930","0","0R","0603"
"R379","143.860","134.930","0","0R","0603"
"R380","142.160","134.930","0","0R","0603"
"R381","142.160","130.830","0","0R","0603"
"IC267","124.110","142.800","270","74HC595BQ","DHVQFN16"
"C267","127.350","150.300","0","100nF","0603"
"R382","127.350","143.070","0","0R","0603"
"R383","127.350","138.530","0","0R","0603"
"R384","125.650","138.530","0","0R","0603"
"R385","127.260","134.930","0","0R","0603"
"R386","125.560","134.930","0","0R","0603"
"R387","123.860","134.930","0","0R","0603"
"R388","122.160","134.930","0","0R","0603"
"R389","122.160","130.830","0","0R","0603"
"IC268","104.110","142.800","270","74HC595BQ","DHVQFN16"
"C268","107.350","150.300","0","100nF","0603"
"R390","107.350","143.070","0","0R","0603"
"R391","107.350","138.530","0","0R","0603"
"R392","105.650","138.530","0","0R","0603"
"R393","107.260","134.930","0","0R","0603"
"R394","105.560","134.930","0","0R","0603"
"R395","103.860","134.930","0","0R","0603"
"R396","102.160","134.930","0","0R","0603"
"R397","102.160","130.830","0","0R","0603"
"IC269","84.110","142.800","270","74HC595BQ","DHVQFN16"
"C269","87.350","150.300","0","100nF","0603"
"R398","87.350","143.070","0","0R","0603"
"R399","87.350","138.530","0","0R","0603"
"R400","85.650","138.530","0","0R","0603"
"R401","87.260","134.930","0","0R","0603"
"R402","85.560","134.930","0","0R","0603"
"R403","83.860","134.930","0","0R","0603"
"R404","82.160","134.930","0","0R","0603"
"R405","82.160","130.830","0","0R","0603"
"IC270","64.110","142.800","270","74HC595BQ","DHVQFN16"
"C270","67.350","150.300","0","100nF","0603"
"R406","67.350","143.070","0","0R","0603"
"R407","67.350","138.530","0","0R","0603"
"R408","65.650","138.530","0","0R","0603"
"R409","67.260","134.930","0","0R","0603"
"R410","65.560","134.930","0","0R","0603"
"R411","63.860","134.930","0","0R","0603"
"R412","62.160","134.930","0","0R","0603"
"R413","62.160","130.830","0","0R","0603"
"IC271","44.110","142.800","270","74HC595BQ","DHVQFN16"
"C271","47.350","150.300","0","100nF","0603"
"R414","47.350","143.070","0","0R","0603"
"R415","47.350","138.530","0","0R","0603"
"R416","45.650","138.530","0","0R","0603"
"R417","47.260","134.930","0","0R","0603"
"R418","45.560","134.930","0","0R","0603"
"R419","43.860","134.930","0","0R","0603"
"R420","42.160","134.930","0","0R","0603"
"R421","42.160","130.830","0","0R","0603"
"IC272","24.110","142.800","270","74HC595BQ","DHVQFN16"
"C272","27.350","150.300","0","100nF","0603"
"R422","27.350","143.070","0","0R","0603"
"R423","27.350","138.530","0","0R","0603"
"R424","25.650","138.530","0","0R","0603"
"R425","27.260","134.930","0","0R","0603"
"R426","25.560","134.930","0","0R","0603"
"R427","23.860","134.930","0","0R","0603"
"R428","22.160","134.930","0","0R","0603"
"R429","22.160","130.830","0","0R","0603"
"IC273","324.110","38.800","270","74HC595BQ","DHVQFN16"
"C273","327.350","46.300","0","100nF","0603"
"R430","327.350","39.070","0","0R","0603"
"R431","327.350","34.530","0","0R","0603"
"R432","325.650","34.530","0","0R","0603"
"R433","327.260","30.930","0","0R","0603"
"R434","325.560","30.930","0","0R","0603"
"R435","323.860","30.930","0","0R","0603"
"R436","322.160","30.930","0","0R","0603"
"R437","322.160","26.830","0","0R","0603"
"IC274","304.110","38.800","270","74HC595BQ","DHVQFN16"
"C274","307.350","46.300","0","100nF","0603"
"R438","307.350","39.070","0","0R","0603"
"R439","307.350","34.530","0","0R","0603"
"R440","305.650","34.530","0","0R","0603"
"R441","307.260","30.930","0","0R","0603"
"R442","305.560","30.930","0","0R","0603"
"R443","303.860","30.930","0","0R","0603"
"R444","302.160","30.930","0","0R","0603"
"R445","302.160","26.830","0","0R","0603"
"IC275","284.110","38.800","270","74HC595BQ","DHVQFN16"
"C275","287.350","46.300","0","100nF","0603"
"R446","287.350","39.070","0","0R","0603"
"R447","287.350","34.530","0","0R","0603"
"R448","285.650","34.530","0","0R","0603"
"R449","287.260","30.930","0","0R","0603"
"R450","285.560","30.930","0","0R","0603"
"R451","283.860","30.930","0","0R","0603"
"R452","282.160","30.930","0","0R","0603"
"R453","282.160","26.830","0","0R","0603"
"IC276","264.110","38.800","270","74HC595BQ","DHVQFN16"
"C276","267.350","46.300","0","100nF","0603"
"R454","267.350","39.070","0","0R","0603"
"R455","267.350","34.530","0","0R","0603"
"R456","265.650","34.530","0","0R","0603"
"R457","267.260","30.930","0","0R","0603"
"R458","265.560","30.930","0","0R","0603"
"R459","263.860","30.930","0","0R","0603"
"R460","262.160","30.930","0","0R","0603"
"R461","262.160","26.830","0","0R","0603"
"IC277","244.110","38.800","270","74HC595BQ","DHVQFN16"
"C277","247.350","46.300","0","100nF","0603"
"R462","247.350","39.070","0","0R","0603"
"R463","247.350","34.530","0","0R","0603"
"R464","245.650","34.530","0","0R","0603"
"R465","247.260","30.930","0","0R","0603"
"R466","245.560","30.930","0","0R","0603"
"R467","243.860","30.930","0","0R","0603"
"R468","242.160","30.930","0","0R","0603"
"R469","242.160","26.830","0","0R","0603"
"IC278","224.110","38.800","270","74HC595BQ","DHVQFN16"
"C278","227.350","46.300","0","100nF","0603"
"R470","227.350","39.070","0","0R","0603"
"R471","227.350","34.530","0","0R","0603"
"R472","225.650","34.530","0","0R","0603"
"R473","227.260","30.930","0","0R","0603"
"R474","225.560","30.930","0","0R","0603"
"R475","223.860","30.930","0","0R","0603"
"R476","222.160","30.930","0","0R","0603"
"R477","222.160","26.830","0","0R","0603"
"IC279","204.110","38.800","270","74HC595BQ","DHVQFN16"
"C279","207.350","46.300","0","100nF","0603"
"R478","207.350","39.070","0","0R","0603"
"R479","207.350","34.530","0","0R","0603"
"R480","205.650","34.530","0","0R","0603"
"R481","207.260","30.930","0","0R","0603"
"R482","205.560","30.930","0","0R","0603"
"R483","203.860","30.930","0","0R","0603"
"R484","202.160","30.930","0","0R","0603"
"R485","202.160","26.830","0","0R","0603"
"IC280","184.110","38.800","270","74HC595BQ","DHVQFN16"
"C280","187.350","46.300","0","100nF","0603"
"R486","187.350","39.070","0","0R","0603"
"R487","187.350","34.530","0","0R","0603"
"R488","185.650","34.530","0","0R","0603"
"R489","187.260","30.930","0","0R","0603"
"R490","185.560","30.930","0","0R","0603"
"R491","183.860","30.930","0","0R","0603"
"R492","182.160","30.930","0","0R","0603"
"R493","180.800","28.430","90","0R","0603"
"IC281","164.110","38.800","270","74HC595BQ","DHVQFN16"
"C281","167.350","46.300","0","100nF","0603"
"R494","167.350","39.070","0","0R","0603"
"R495","167.350","34.530","0","0R","0603"
"R496","165.650","34.530","0","0R","0603"
"R497","167.260","30.930","0","0R","0603"
"R498","165.560","30.930","0","0R","0603"
"R499","163.860","30.930","0","0R","0603"
"R500","162.160","30.930","0","0R","0603"
"R501","162.160","26.830","0","0R","0603"
"IC282","144.110","38.800","270","74HC595BQ","DHVQFN16"
"C282","147.350","46.300","0","100nF","0603"
"R502","147.350","39.070","0","0R","0603"
"R503","147.350","34.530","0","0R","0603"
"R504","145.650","34.530","0","0R","0603"
"R505","147.260","30.930","0","0R","0603"
"R506","145.560","30.930","0","0R","0603"
"R507","143.860","30.930","0","0R","0603"
"R508","142.160","30.930","0","0R","0603"
"R509","142.160","26.830","0","0R","0603"
"IC283","124.110","38.800","270","74HC595BQ","DHVQFN16"
"C283","127.350","46.300","0","100nF","0603"
"R510","127.350","39.070","0","0R","0603"
"R511","127.350","34.530","0","0R","0603"
"R512","125.650","34.530","0","0R","0603"
"R513","127.260","30.930","0","0R","0603"
"R514","125.560","30.930","0","0R","0603"
"R515","123.860","30.930","0","0R","0603"
"R516","122.160","30.930","0","0R","0603"
"R517","122.160","26.830","0","0R","0603"
"IC284","104.110","38.800","270","74HC595BQ","DHVQFN16"
"C284","107.350","46.300","0","100nF","0603"
"R518","107.350","39.070","0","0R","0603"
"R519","107.350","34.530","0","0R","0603"
"R520","105.650","34.530","0","0R","0603"
"R521","107.260","30.930","0","0R","0603"
"R522","105.560","30.930","0","0R","0603"
"R523","103.860","30.930","0","0R","0603"
"R524","102.160","30.930","0","0R","0603"
"R525","102.160","26.830","0","0R","0603"
"IC285","84.110","38.800","270","74HC595BQ","DHVQFN16"
"C285","87.350","46.300","0","100nF","0603"
"R526","87.350","39.070","0","0R","0603"
"R527","87.350","34.530","0","0R","0603"
"R528","85.650","34.530","0","0R","0603"
"R529","87.260","30.930","0","0R","0603"
"R530","85.560","30.930","0","0R","0603"
"R531","83.860","30.930","0","0R","0603"
"R532","82.160","30.930","0","0R","0603"
"R533","82.160","26.830","0","0R","0603"
"IC286","64.110","38.800","270","74HC595BQ","DHVQFN16"
"C286","67.350","46.300","0","100nF","0603"
"R534","67.350","39.070","0","0R","0603"
"R535","67.350","34.530","0","0R","0603"
"R536","65.650","34.530","0","0R","0603"
"R537","67.260","30.930","0","0R","0603"
"R538","65.560","30.930","0","0R","0603"
"R539","63.860","30.930","0","0R","0603"
"R540","62.160","30.930","0","0R","0603"
"R541","62.160","26.830","0","0R","0603"
"IC287","44.110","38.800","270","74HC595BQ","DHVQFN16"
"C287","47.350","46.300","0","100nF","0603"
"R542","47.350","39.070","0","0R","0603"
"R543","47.350","34.530","0","0R","0603"
"R544","45.650","34.530","0","0R","0603"
"R545","47.260","30.930","0","0R","0603"
"R546","45.560","30.930","0","0R","0603"
"R547","43.860","30.930","0","0R","0603"
"R548","42.160","30.930","0","0R","0603"
"R549","42.160","26.830","0","0R","0603"
"IC288","24.110","38.800","270","74HC595BQ","DHVQFN16"
"C288","27.350","46.300","0","100nF","0603"
"R550","27.350","39.070","0","0R","0603"
"R551","27.350","34.530","0","0R","0603"
"R552","25.650","34.530","0","0R","0603"
"R553","27.260","30.930","0","0R","0603"
"R554","25.560","30.930","0","0R","0603"
"R555","23.860","30.930","0","0R","0603"
"R556","22.160","30.930","0","0R","0603"
"R557","22.160","26.830","0","0R","0603"
